{
    "ret": 5.780740084182055,
    "mtx": [
        [
            176.1854405730665,
            0.0,
            73.62179092355773
        ],
        [
            0.0,
            171.54716774374526,
            64.61801938286898
        ],
        [
            0.0,
            0.0,
            1.0
        ]
    ],
    "dist": [
        [
            -4.440131316442409,
            78.63981871460967,
            0.01316773266949012,
            0.00851483534069689,
            -403.52407041117414
        ]
    ],
    "rvecs": [
        [
            [
                -0.29762077740295295
            ],
            [
                -0.27349575717346924
            ],
            [
                0.2596142377852525
            ]
        ],
        [
            [
                -0.9141568576935745
            ],
            [
                0.06613660611233707
            ],
            [
                -0.06882338834955472
            ]
        ],
        [
            [
                0.808893338372728
            ],
            [
                0.09252736183498421
            ],
            [
                -0.018886292159544987
            ]
        ],
        [
            [
                -0.443902296559592
            ],
            [
                0.23589526346141038
            ],
            [
                0.6790099515255309
            ]
        ],
        [
            [
                0.26065644239145447
            ],
            [
                0.0753549319701593
            ],
            [
                -0.027144870112066472
            ]
        ],
        [
            [
                -0.36757291126158453
            ],
            [
                -0.6842204190163069
            ],
            [
                -0.3883635967635538
            ]
        ],
        [
            [
                -0.3507635367889031
            ],
            [
                -0.6284846771875999
            ],
            [
                0.023712374917683954
            ]
        ],
        [
            [
                0.25963757844464713
            ],
            [
                0.5202534976242948
            ],
            [
                0.056895133408048394
            ]
        ],
        [
            [
                0.2585593224569243
            ],
            [
                -0.20695979472563714
            ],
            [
                0.0282429832751365
            ]
        ],
        [
            [
                0.6826351236581811
            ],
            [
                -0.9142423424569498
            ],
            [
                -0.5263640972249339
            ]
        ],
        [
            [
                0.5635315073657847
            ],
            [
                -0.6653840965218549
            ],
            [
                -0.7258793414061294
            ]
        ]
    ],
    "tvecs": [
        [
            [
                -3.348181215997402
            ],
            [
                -2.7201959227253205
            ],
            [
                18.704809651981307
            ]
        ],
        [
            [
                -1.8080375580328256
            ],
            [
                0.19452782535888252
            ],
            [
                15.926737077293538
            ]
        ],
        [
            [
                -2.465226955033506
            ],
            [
                -0.05742644537456038
            ],
            [
                12.918882174093632
            ]
        ],
        [
            [
                -0.12210404926854315
            ],
            [
                -4.644706555288041
            ],
            [
                18.91591040568247
            ]
        ],
        [
            [
                -5.539894880988064
            ],
            [
                -2.693512803688429
            ],
            [
                18.936797101696158
            ]
        ],
        [
            [
                -4.815231608233924
            ],
            [
                -2.4130057252988464
            ],
            [
                15.999692379184772
            ]
        ],
        [
            [
                -2.392871362034976
            ],
            [
                -4.453801967795925
            ],
            [
                15.279486371161981
            ]
        ],
        [
            [
                -3.4198749916513664
            ],
            [
                -3.8931840191869496
            ],
            [
                18.08096135375282
            ]
        ],
        [
            [
                -1.3014649729503809
            ],
            [
                -2.680992540602598
            ],
            [
                13.233197128459054
            ]
        ],
        [
            [
                -3.4376379416428526
            ],
            [
                -0.23274208988184225
            ],
            [
                11.253933121964376
            ]
        ],
        [
            [
                -2.1918907436613817
            ],
            [
                -0.03167543599684845
            ],
            [
                12.263416448243497
            ]
        ]
    ]
}